cause,metric,measure,p_superiority_pooled,p_superiority_seed_min,p_superiority_seed_max,median_worsening,median_recovering,episodes_worsening,episodes_recovering
congestion,latency_ms,level,0.43146666666666667,0.2866666666666667,0.5644444444444444,1.115216678690273,1.129747662594703,150,75
congestion,latency_ms,speed,0.48773333333333335,0.4288888888888889,0.5488888888888889,0.0049258554276927135,0.00500384628709304,150,75
congestion,jitter_ms,level,0.4958222222222222,0.37777777777777777,0.6044444444444445,1.9824245602683352,1.9489501388492538,150,75
congestion,jitter_ms,speed,0.5150222222222223,0.44666666666666666,0.6244444444444445,0.03941780537934931,0.037173462033223706,150,75
congestion,packet_loss_pct,level,0.5018696581196581,0.2846153846153846,0.6458333333333334,0.5,0.25,72,26
congestion,packet_loss_pct,speed,0.4791666666666667,0.19230769230769232,0.7361111111111112,0.0,0.0,72,26
congestion,error_rate_pct,level,0.5212444444444444,0.47555555555555556,0.6,1.0036134943031403,0.9917385891240844,150,75
congestion,error_rate_pct,speed,0.48702222222222225,0.43777777777777777,0.5733333333333334,4.6573415533290864e-05,-0.0004332323793287847,150,75
congestion,retransmission_rate_pct,level,0.4945777777777778,0.4022222222222222,0.6044444444444445,1.010894726566563,1.003893474098374,150,75
congestion,retransmission_rate_pct,speed,0.5265777777777778,0.41333333333333333,0.6444444444444445,-0.0006305354630495713,-0.0002685293834818192,150,75
congestion,throughput_mbps,level,0.5410666666666667,0.39111111111111113,0.7511111111111111,1.376744076471697,1.362951687579979,150,75
congestion,throughput_mbps,speed,0.5528,0.4266666666666667,0.6777777777777778,0.014001743929517701,0.012461002947281816,150,75
link_quality,latency_ms,level,0.5610666666666667,0.41555555555555557,0.6977777777777778,1.0001383256326744,0.9963816822224838,150,75
link_quality,latency_ms,speed,0.5264,0.37333333333333335,0.7,0.00013679356193044452,-4.84927638487304e-05,150,75
link_quality,jitter_ms,level,0.5844444444444444,0.47333333333333333,0.7022222222222222,1.0171363020459028,0.9869775150939621,150,75
link_quality,jitter_ms,speed,0.5280888888888889,0.35555555555555557,0.68,0.0015359129939405982,0.00028559250903045146,150,75
link_quality,packet_loss_pct,level,0.5936012691697514,0.4461538461538462,0.7142857142857143,1.0,1.0,61,31
link_quality,packet_loss_pct,speed,0.4918032786885246,0.4153846153846154,0.6071428571428571,0.0,0.0,61,31
link_quality,error_rate_pct,level,0.49475555555555556,0.3844444444444444,0.5933333333333334,5.759430833632916,5.764192870110743,150,75
link_quality,error_rate_pct,speed,0.46986666666666665,0.43333333333333335,0.5422222222222223,0.21900410086097072,0.22737412921581712,150,75
link_quality,retransmission_rate_pct,level,0.5539555555555555,0.4311111111111111,0.6222222222222222,1.2885313727173586,1.268648338144327,150,75
link_quality,retransmission_rate_pct,speed,0.5541333333333334,0.42,0.6555555555555556,0.012812901766434516,0.010963783035598838,150,75
link_quality,throughput_mbps,level,0.5406222222222222,0.39555555555555555,0.6888888888888889,1.0000304881551147,0.9922741282189179,150,75
link_quality,throughput_mbps,speed,0.5015111111111111,0.37333333333333335,0.6355555555555555,0.0005005990037014771,7.716625753761974e-06,150,75
