view,cause,state,metric,outside_reference_pct_min,outside_reference_pct_max,standardised_difference_min,standardised_difference_max
pooled,congestion,EARLY_DEGRADATION,latency_ms,4.639684106614018,7.647058823529412,0.41883019774700236,0.9152115629703752
pooled,congestion,EARLY_DEGRADATION,jitter_ms,4.639684106614018,7.149321266968325,1.1721498581292333,1.4408068788155983
pooled,congestion,EARLY_DEGRADATION,packet_loss_pct,3.0168946098149636,3.814602132895816,0.7661134526904888,1.350555741465225
pooled,congestion,EARLY_DEGRADATION,error_rate_pct,1.3876040703052728,3.3386967015285602,-0.07404528604878455,0.09437217285742547
pooled,congestion,EARLY_DEGRADATION,retransmission_rate_pct,3.998025666337611,5.9276018099547505,0.8606681901470684,1.7110506835481258
pooled,congestion,EARLY_DEGRADATION,throughput_mbps,4.491609081934847,7.239819004524888,1.4392666070413485,1.7268095270746702
pooled,congestion,DEGRADED,latency_ms,40.280701754385966,47.749391727493915,3.258751782223956,3.9768177337436366
pooled,congestion,DEGRADED,jitter_ms,41.82456140350877,46.98884758364312,5.053863976569067,5.373648505330435
pooled,congestion,DEGRADED,packet_loss_pct,12.070175438596491,16.423357664233578,4.784926509521359,7.529399422926777
pooled,congestion,DEGRADED,error_rate_pct,1.6356877323420074,2.8588807785888077,-0.08762285084707623,0.08380554660477652
pooled,congestion,DEGRADED,retransmission_rate_pct,13.75438596491228,18.18734793187348,5.308270342775505,9.984773376773978
pooled,congestion,DEGRADED,throughput_mbps,42.59649122807018,47.43494423791822,3.094798810452705,3.2913848471687843
pooled,link_quality,EARLY_DEGRADATION,latency_ms,2.0899591094956835,6.008403361344538,-0.12405982856792194,0.17716960857553998
pooled,link_quality,EARLY_DEGRADATION,jitter_ms,1.5765765765765765,3.965360072926162,-0.036840754055841855,0.14582365172412332
pooled,link_quality,EARLY_DEGRADATION,packet_loss_pct,3.288288288288288,4.225352112676056,0.31298028450754506,0.47218028354950903
pooled,link_quality,EARLY_DEGRADATION,error_rate_pct,4.705882352941177,18.12812358019082,1.9156824499879792,3.2009093837221245
pooled,link_quality,EARLY_DEGRADATION,retransmission_rate_pct,3.7815126050420167,12.351868732907931,0.33934089042358145,0.6111339980717415
pooled,link_quality,EARLY_DEGRADATION,throughput_mbps,1.981981981981982,4.284412032816773,-0.1654220451146925,0.09916022135547473
pooled,link_quality,DEGRADED,latency_ms,1.1214953271028036,5.4275092936802976,-0.11431109998370767,0.16472210590521882
pooled,link_quality,DEGRADED,jitter_ms,1.2987012987012987,1.6265060240963853,0.1329512282391407,0.23634346384190746
pooled,link_quality,DEGRADED,packet_loss_pct,46.34313055365687,54.15584415584416,2.6194764680433678,5.096199531365824
pooled,link_quality,DEGRADED,error_rate_pct,83.56877323420075,97.95180722891567,25.404174890808036,35.896499859793416
pooled,link_quality,DEGRADED,retransmission_rate_pct,77.17472118959108,94.33021806853581,3.0534196889749396,6.321700738091014
pooled,link_quality,DEGRADED,throughput_mbps,2.1872863978127137,3.1927710843373496,-0.07294831141686196,0.04940925764879576
baseline_relative,congestion,EARLY_DEGRADATION,latency_ms,4.491609081934847,6.968325791855204,1.0644218270010148,1.3675068945853153
baseline_relative,congestion,EARLY_DEGRADATION,jitter_ms,4.54096742349457,7.285067873303168,1.3865511805541422,1.6459164597138318
baseline_relative,congestion,EARLY_DEGRADATION,packet_loss_pct,2.7677496991576414,3.7140204271123487,0.31209794393549617,1.315234693736068
baseline_relative,congestion,EARLY_DEGRADATION,error_rate_pct,1.4807502467917077,3.1221719457013575,-0.08032800829133978,0.12100107756855319
baseline_relative,congestion,EARLY_DEGRADATION,retransmission_rate_pct,3.8499506416584404,5.83710407239819,0.8740459998959343,1.6979018553288603
baseline_relative,congestion,EARLY_DEGRADATION,throughput_mbps,2.461033634126333,7.493061979648474,1.7432607952618013,2.0942974801391334
baseline_relative,congestion,DEGRADED,latency_ms,46.03508771929825,49.21933085501859,5.136070976792623,6.280283411659754
baseline_relative,congestion,DEGRADED,jitter_ms,50.15654351909831,55.61338289962825,6.078911644490202,7.124254497634057
baseline_relative,congestion,DEGRADED,packet_loss_pct,11.13138686131387,20.116054158607348,3.3558956040665735,5.354138892591281
baseline_relative,congestion,DEGRADED,error_rate_pct,1.1878247958426131,3.2846715328467155,-0.0818746846618135,0.09641312970672918
baseline_relative,congestion,DEGRADED,retransmission_rate_pct,13.75438596491228,18.309002433090026,5.335530151192965,10.056111907551625
baseline_relative,congestion,DEGRADED,throughput_mbps,26.216545012165447,50.10526315789474,3.823200504870767,4.681308185003746
baseline_relative,link_quality,EARLY_DEGRADATION,latency_ms,1.5546218487394958,3.3272561531449405,-0.031385854078493675,0.22437198251193072
baseline_relative,link_quality,EARLY_DEGRADATION,jitter_ms,1.5126050420168067,2.2072072072072073,-0.006816681852445693,0.15332625559991706
baseline_relative,link_quality,EARLY_DEGRADATION,packet_loss_pct,1.519468186134853,5.509964830011723,0.19105898808901936,0.5359203774768314
baseline_relative,link_quality,EARLY_DEGRADATION,error_rate_pct,5.2521008403361344,16.583371194911404,2.474860210397594,3.7089178433162444
baseline_relative,link_quality,EARLY_DEGRADATION,retransmission_rate_pct,4.033613445378151,12.397447584320876,0.33412960200500696,0.610559104521332
baseline_relative,link_quality,EARLY_DEGRADATION,throughput_mbps,1.9823788546255507,3.697478991596639,-0.07579379996716844,0.10975765150339498
baseline_relative,link_quality,DEGRADED,latency_ms,1.367053998632946,3.051948051948052,0.021109832241878394,0.16886211435283946
baseline_relative,link_quality,DEGRADED,jitter_ms,1.2461059190031152,1.5584415584415585,0.20838301332433984,0.3295551855190865
baseline_relative,link_quality,DEGRADED,packet_loss_pct,33.793103448275865,51.68067226890757,2.058645648028437,4.668312617870611
baseline_relative,link_quality,DEGRADED,error_rate_pct,91.59851301115242,99.1566265060241,27.916247013876557,45.68070550769559
baseline_relative,link_quality,DEGRADED,retransmission_rate_pct,80.29739776951673,94.6417445482866,3.1051957799315217,6.207045354117359
baseline_relative,link_quality,DEGRADED,throughput_mbps,2.1183800623052957,3.866171003717472,-0.04415026004894494,0.07265328847584636
