view,cause,state,metric,outside_reference_pct,standardised_difference,normal_minutes,state_minutes
pooled,congestion,EARLY_DEGRADATION,latency_ms,7.647058823529412,0.9152115629703752,28289,2210
pooled,congestion,EARLY_DEGRADATION,jitter_ms,7.149321266968325,1.4408068788155983,28289,2210
pooled,congestion,EARLY_DEGRADATION,packet_loss_pct,3.6651583710407243,1.350555741465225,28289,2210
pooled,congestion,EARLY_DEGRADATION,error_rate_pct,3.076923076923077,0.09437217285742547,28289,2210
pooled,congestion,EARLY_DEGRADATION,retransmission_rate_pct,5.9276018099547505,1.7110506835481258,28289,2210
pooled,congestion,EARLY_DEGRADATION,throughput_mbps,7.239819004524888,1.6162062256804421,28289,2210
pooled,congestion,DEGRADED,latency_ms,43.2686286787727,3.584886063026365,28289,1597
pooled,congestion,DEGRADED,jitter_ms,44.207889793362554,5.197422576125221,28289,1597
pooled,congestion,DEGRADED,packet_loss_pct,14.151534126487164,5.909100073707205,28289,1597
pooled,congestion,DEGRADED,error_rate_pct,2.254226675015654,0.019051248876784027,28289,1597
pooled,congestion,DEGRADED,retransmission_rate_pct,16.96931747025673,7.626364117700255,28289,1597
pooled,congestion,DEGRADED,throughput_mbps,44.64621164683782,3.154512556451701,28289,1597
pooled,link_quality,EARLY_DEGRADATION,latency_ms,2.187784867821331,-0.03681380231239556,28289,2194
pooled,link_quality,EARLY_DEGRADATION,jitter_ms,3.965360072926162,0.14582365172412332,28289,2194
pooled,link_quality,EARLY_DEGRADATION,packet_loss_pct,3.828623518687329,0.47218028354950903,28289,2194
pooled,link_quality,EARLY_DEGRADATION,error_rate_pct,16.27164995442115,2.77584452084979,28289,2194
pooled,link_quality,EARLY_DEGRADATION,retransmission_rate_pct,12.351868732907931,0.6111339980717415,28289,2194
pooled,link_quality,EARLY_DEGRADATION,throughput_mbps,4.284412032816773,-0.028976825300241617,28289,2194
pooled,link_quality,DEGRADED,latency_ms,1.1214953271028036,-0.04693447711706743,28289,1605
pooled,link_quality,DEGRADED,jitter_ms,1.3707165109034267,0.13684334030212852,28289,1605
pooled,link_quality,DEGRADED,packet_loss_pct,51.214953271028044,4.883272768896342,28289,1605
pooled,link_quality,DEGRADED,error_rate_pct,97.25856697819314,35.75117436756359,28289,1605
pooled,link_quality,DEGRADED,retransmission_rate_pct,94.33021806853581,6.321700738091014,28289,1605
pooled,link_quality,DEGRADED,throughput_mbps,2.9283489096573208,-0.07294831141686196,28289,1605
baseline_relative,congestion,EARLY_DEGRADATION,latency_ms,6.968325791855204,1.3675068945853153,28289,2210
baseline_relative,congestion,EARLY_DEGRADATION,jitter_ms,7.285067873303168,1.6459164597138318,28289,2210
baseline_relative,congestion,EARLY_DEGRADATION,packet_loss_pct,3.7140204271123487,0.5885196410119797,9620,1077
baseline_relative,congestion,EARLY_DEGRADATION,error_rate_pct,3.1221719457013575,0.12100107756855319,28289,2210
baseline_relative,congestion,EARLY_DEGRADATION,retransmission_rate_pct,5.83710407239819,1.6979018553288603,28289,2210
baseline_relative,congestion,EARLY_DEGRADATION,throughput_mbps,5.248868778280543,1.9081170661035667,28289,2210
baseline_relative,congestion,DEGRADED,latency_ms,46.83782091421415,5.3894517413351295,28289,1597
baseline_relative,congestion,DEGRADED,jitter_ms,50.15654351909831,6.078911644490202,28289,1597
baseline_relative,congestion,DEGRADED,packet_loss_pct,16.270783847980997,5.354138892591281,9620,842
baseline_relative,congestion,DEGRADED,error_rate_pct,2.0663744520976834,0.027353708416961244,28289,1597
baseline_relative,congestion,DEGRADED,retransmission_rate_pct,16.78146524733876,7.627397258728001,28289,1597
baseline_relative,congestion,DEGRADED,throughput_mbps,34.439574201628055,3.86100626816691,28289,1597
baseline_relative,link_quality,EARLY_DEGRADATION,latency_ms,3.3272561531449405,0.22437198251193072,28289,2194
baseline_relative,link_quality,EARLY_DEGRADATION,jitter_ms,2.096627164995442,0.15332625559991706,28289,2194
baseline_relative,link_quality,EARLY_DEGRADATION,packet_loss_pct,5.509964830011723,0.5359203774768314,9620,853
baseline_relative,link_quality,EARLY_DEGRADATION,error_rate_pct,12.397447584320876,2.794025748277435,28289,2194
baseline_relative,link_quality,EARLY_DEGRADATION,retransmission_rate_pct,12.397447584320876,0.610559104521332,28289,2194
baseline_relative,link_quality,EARLY_DEGRADATION,throughput_mbps,3.236098450319052,0.10975765150339498,28289,2194
baseline_relative,link_quality,DEGRADED,latency_ms,1.61993769470405,0.021109832241878394,28289,1605
baseline_relative,link_quality,DEGRADED,jitter_ms,1.2461059190031152,0.2157409926467386,28289,1605
baseline_relative,link_quality,DEGRADED,packet_loss_pct,44.492753623188406,4.204971735654908,9620,690
baseline_relative,link_quality,DEGRADED,error_rate_pct,98.62928348909658,35.62933196116902,28289,1605
baseline_relative,link_quality,DEGRADED,retransmission_rate_pct,94.6417445482866,6.207045354117359,28289,1605
baseline_relative,link_quality,DEGRADED,throughput_mbps,2.1183800623052957,-0.002810410394730371,28289,1605
