cause,metric,state,mean,std,median,p25,p75,minutes,pct_minutes_with_loss
congestion,error_rate_pct,DEGRADED,0.020106939801123012,0.060507017318120394,0.012311851199530257,0.008911724412861689,0.01644761428049145,1597,
congestion,error_rate_pct,EARLY_DEGRADATION,0.024162390593300494,0.08150778487803435,0.012308211680393906,0.00897310799696769,0.01649273464858761,2210,
congestion,error_rate_pct,NORMAL,0.017603585754316503,0.046622982918639026,0.012281748191683737,0.009032206303513583,0.016182946429043936,7078,
congestion,error_rate_pct,SEVERE_DEGRADATION,0.020489305604141445,0.06711271823205557,0.012623923723979719,0.009333124478415698,0.017030106667330448,5315,
congestion,jitter_ms,DEGRADED,22.326269347041876,10.346106814485276,20.591204944558473,12.97106986010279,34.84563123567671,1597,
congestion,jitter_ms,EARLY_DEGRADATION,8.645511102661185,7.768192826497157,6.084059742542059,4.394369677639731,9.072860351964586,2210,
congestion,jitter_ms,NORMAL,3.4090533285417663,3.341754513830432,2.7187538084818454,2.024833959775236,3.592033284805023,7078,
congestion,jitter_ms,SEVERE_DEGRADATION,35.906616820683226,0.6514938127161836,35.92367431079243,35.524179078330704,36.31690356989036,5315,
congestion,latency_ms,DEGRADED,50.58505425957925,20.66550409731326,42.811154608311796,34.10002544186408,71.57512500002544,1597,
congestion,latency_ms,EARLY_DEGRADATION,30.822927544840173,13.362035019259794,27.826590668287917,23.256639658783527,33.71754473457479,2210,
congestion,latency_ms,NORMAL,24.194109830078627,7.05477640846707,22.83370415475932,19.36913091202149,29.63876917581527,7078,
congestion,latency_ms,SEVERE_DEGRADATION,82.00052579485221,6.023240935631245,80.62341192674758,77.25610124156924,87.15963093710627,5315,
congestion,packet_loss_pct,DEGRADED,1.2614276768941766,3.8144940015539754,0.16666666666666669,0.0,0.33333333333333337,1597,55.47902316844082
congestion,packet_loss_pct,EARLY_DEGRADATION,0.3751885369532429,1.6945963041746388,0.16666666666666669,0.0,0.16666666666666669,2210,50.85972850678733
congestion,packet_loss_pct,NORMAL,0.11010643307902421,0.1896027874268803,0.0,0.0,0.16666666666666669,7078,46.94829047753603
congestion,packet_loss_pct,SEVERE_DEGRADATION,18.78363123236124,6.791366957073575,18.833333333333332,15.5,22.0,5315,99.52963311382878
congestion,retransmission_rate_pct,DEGRADED,1.2684459005140396,3.9428781456117816,0.11287184954869184,0.0941856960307512,0.13669272084675216,1597,
congestion,retransmission_rate_pct,EARLY_DEGRADATION,0.37436849327429494,1.700390705216786,0.10727040123320682,0.09310053392923343,0.12515089013462294,2210,
congestion,retransmission_rate_pct,NORMAL,0.11350622015704626,0.14437452866615624,0.10651742891283973,0.09295033563724944,0.12212779750711299,7078,
congestion,retransmission_rate_pct,SEVERE_DEGRADATION,19.12670140905285,7.739567788429719,18.648760457714015,14.788684883041443,22.916263952862515,5315,
congestion,throughput_mbps,DEGRADED,87.70682331627671,8.782975323939679,87.72488929490369,80.94197726796173,95.39981354269678,1597,
congestion,throughput_mbps,EARLY_DEGRADATION,67.86574981213624,12.807783578053069,66.85930999012544,59.12997822449376,75.02785098586827,2210,
congestion,throughput_mbps,NORMAL,47.922941009463024,11.927989761935553,47.2370991326078,39.54329872906978,54.240866382559204,7078,
congestion,throughput_mbps,SEVERE_DEGRADATION,99.85821332066975,0.4051950321909745,99.89288986454902,99.89232340577658,99.8949713389122,5315,
link_quality,error_rate_pct,DEGRADED,1.9440061612857886,6.40634869746951,0.9843125855382427,0.5499329290699516,1.8534712568879377,1605,
link_quality,error_rate_pct,EARLY_DEGRADATION,0.16853899384185558,0.4520407228628227,0.09095456931457124,0.049324227121404204,0.17568143669487715,2194,
link_quality,error_rate_pct,NORMAL,0.019551619389612074,0.052070335643950444,0.013369020203775242,0.009653159487986972,0.0182139310806523,6811,
link_quality,error_rate_pct,SEVERE_DEGRADATION,45.59827529488835,25.225839868204602,43.158797048077545,26.4630381690078,61.7710891978022,5590,
link_quality,jitter_ms,DEGRADED,3.8967661238586198,3.555311971847803,3.134756325755339,2.34618964634342,4.220319803695328,1605,
link_quality,jitter_ms,EARLY_DEGRADATION,3.9294704192731205,5.407323376380982,2.4902852509337157,1.7819005655386257,3.708095783924434,2194,
link_quality,jitter_ms,NORMAL,3.318025200194354,3.9227700919000252,2.423988115783145,1.719681397262634,3.5631302134349063,6811,
link_quality,jitter_ms,SEVERE_DEGRADATION,9.148226958400711,3.902901203550682,8.915442418180453,7.533581396332874,9.842476438243645,5590,
link_quality,latency_ms,DEGRADED,23.700691496253096,6.192674776053866,23.145031057122072,19.70622550506532,26.079880122466378,1605,
link_quality,latency_ms,EARLY_DEGRADATION,23.775609265413493,9.232080491548114,21.919656360706178,18.45822607012925,26.264524192092573,2194,
link_quality,latency_ms,NORMAL,23.004941616412374,7.3264392503423315,21.754520126657006,18.246510154518667,26.183581992437148,6811,
link_quality,latency_ms,SEVERE_DEGRADATION,28.855554132410116,7.297538498601594,27.969266916989184,24.56971561373733,32.10461088481333,5590,
link_quality,packet_loss_pct,DEGRADED,1.061993769470405,3.4255605162272644,0.6666666666666667,0.33333333333333337,1.1666666666666667,1605,94.01869158878505
link_quality,packet_loss_pct,EARLY_DEGRADATION,0.20442114858705562,0.4097722063164867,0.16666666666666669,0.0,0.33333333333333337,2194,62.989972652689154
link_quality,packet_loss_pct,NORMAL,0.116355894875936,0.21056069550230067,0.0,0.0,0.16666666666666669,6811,47.8784319483189
link_quality,packet_loss_pct,SEVERE_DEGRADATION,22.15799045915325,10.946469821061825,22.5,13.666666666666666,29.666666666666668,5590,100.0
link_quality,retransmission_rate_pct,DEGRADED,1.0712509310933078,3.3236769431701743,0.5831112153110222,0.37494141783308804,1.0407836819658556,1605,
link_quality,retransmission_rate_pct,EARLY_DEGRADATION,0.20812021762879382,0.39924912502958304,0.15198302180207263,0.12267914952149926,0.19788618973363925,2194,
link_quality,retransmission_rate_pct,NORMAL,0.1185576219863209,0.16679232323698803,0.10753279426054486,0.09358355757463241,0.124095104829749,6811,
link_quality,retransmission_rate_pct,SEVERE_DEGRADATION,22.49849574866638,12.000676536187871,21.74072090345188,13.57312028890112,30.126364950124774,5590,
link_quality,throughput_mbps,DEGRADED,46.079036294811786,13.618888729108036,45.35453243047112,35.66776078771125,55.009276464397004,1605,
link_quality,throughput_mbps,EARLY_DEGRADATION,46.646180478434005,15.53005774165713,44.1576360791107,35.41272706906048,54.75264837743799,2194,
link_quality,throughput_mbps,NORMAL,45.632909105517854,13.647194029806652,44.07640990020313,35.23963280653027,54.03479133569998,6811,
link_quality,throughput_mbps,SEVERE_DEGRADATION,37.33809389026814,12.277664856901998,35.96946864757984,28.728373995877625,43.409044280437016,5590,
