cause,trigger_group,episodes,detector
congestion,both,49,A_single_minute
congestion,delay,125,A_single_minute
congestion,error,37,A_single_minute
link_quality,both,5,A_single_minute
link_quality,delay,20,A_single_minute
link_quality,error,196,A_single_minute
congestion,both,82,B_3_consecutive
congestion,delay,101,B_3_consecutive
congestion,error,20,B_3_consecutive
link_quality,both,8,B_3_consecutive
link_quality,delay,7,B_3_consecutive
link_quality,error,199,B_3_consecutive
congestion,both,62,C1_3_of_10
congestion,delay,122,C1_3_of_10
congestion,error,21,C1_3_of_10
link_quality,both,4,C1_3_of_10
link_quality,delay,11,C1_3_of_10
link_quality,error,201,C1_3_of_10
congestion,both,66,C2_6_of_20
congestion,delay,125,C2_6_of_20
congestion,error,5,C2_6_of_20
link_quality,both,4,C2_6_of_20
link_quality,delay,7,C2_6_of_20
link_quality,error,202,C2_6_of_20
