detector,scope,worsening_episodes,recovering_episodes,detection_rate_worsening_pct,detection_rate_recovering_pct,active_at_onset_only_pct,no_valid_alarm_pct,any_alarm_active_at_onset_pct,any_alarm_active_at_onset_n,delay_median,delay_p25,delay_p75,warned_before_severe_pct,severe_lead_median,severe_lead_p25,severe_lead_p75,healthy_hours,false_alarms,false_alarms_per_100h,healthy_alarm_burden_pct
A_single_minute,pooled,300,150,100.0,88.0,0.2222222222222222,3.7777777777777777,4.0,18,36.0,23.0,50.0,100.0,40.5,27.75,60.0,2222.6833333333334,935,42.06627124871589,5.907274240595076
A_single_minute,seed_42,60,30,100.0,96.66666666666667,0.0,1.1111111111111112,2.2222222222222223,2,33.0,23.0,46.0,100.0,47.0,31.0,71.5,447.03333333333336,165,36.90999925434345,5.249422116173291
A_single_minute,seed_43,60,30,100.0,93.33333333333333,0.0,2.2222222222222223,4.444444444444445,4,36.0,24.0,49.25,100.0,36.0,21.0,54.25,440.0833333333333,182,41.35580382503314,5.779208483241811
A_single_minute,seed_44,60,30,100.0,83.33333333333334,0.0,5.555555555555555,3.3333333333333335,3,34.0,23.0,47.0,100.0,39.0,28.75,60.0,448.6333333333333,225,50.15231443643658,7.114198677464893
A_single_minute,seed_45,60,30,100.0,90.0,0.0,3.3333333333333335,4.444444444444445,4,38.0,18.0,52.5,100.0,39.5,29.5,54.75,445.4,191,42.88280197575214,5.923514443945517
A_single_minute,seed_46,60,30,100.0,76.66666666666667,1.1111111111111112,6.666666666666667,5.555555555555555,5,38.0,26.0,51.5,100.0,44.5,28.5,60.25,441.53333333333336,172,38.955156273592024,5.458251547637023
B_3_consecutive,pooled,300,150,100.0,78.0,0.0,7.333333333333333,1.3333333333333335,6,46.0,33.0,62.0,99.33333333333333,31.0,17.0,48.0,2222.6833333333334,396,17.8163031171032,2.245034155412752
B_3_consecutive,seed_42,60,30,100.0,76.66666666666667,0.0,7.777777777777778,1.1111111111111112,1,45.0,32.0,60.5,100.0,33.5,20.75,53.5,447.03333333333336,59,13.198120945492505,1.7746625904108568
B_3_consecutive,seed_43,60,30,100.0,80.0,0.0,6.666666666666667,3.3333333333333335,3,45.0,29.75,60.5,98.33333333333333,27.0,10.75,47.5,440.0833333333333,76,17.26945654232153,2.1321719371331187
B_3_consecutive,seed_44,60,30,100.0,73.33333333333333,0.0,8.88888888888889,0.0,0,44.5,33.0,58.75,98.33333333333333,31.5,16.75,48.0,448.6333333333333,106,23.627312578943457,2.9459840998588307
B_3_consecutive,seed_45,60,30,100.0,90.0,0.0,3.3333333333333335,0.0,0,50.0,30.5,66.0,100.0,34.0,19.0,44.25,445.4,80,17.961383026493042,2.2788504714863045
B_3_consecutive,seed_46,60,30,100.0,70.0,0.0,10.0,2.2222222222222223,2,46.0,35.0,62.0,100.0,35.0,18.75,48.25,441.53333333333336,75,16.98626000301978,2.0874226181488753
C1_3_of_10,pooled,300,150,100.0,80.66666666666666,0.0,6.444444444444445,4.888888888888889,22,43.0,29.0,59.0,100.0,34.0,21.75,52.0,2222.6833333333334,474,21.325574943199285,5.011210173888918
C1_3_of_10,seed_42,60,30,100.0,80.0,0.0,6.666666666666667,2.2222222222222223,2,40.5,30.0,58.25,100.0,36.5,22.75,55.0,447.03333333333336,77,17.224666318693608,4.112295876519275
C1_3_of_10,seed_43,60,30,100.0,86.66666666666667,0.0,4.444444444444445,10.0,9,45.5,29.75,58.0,100.0,28.5,14.0,47.75,440.0833333333333,89,20.2234425298239,4.677144480212081
C1_3_of_10,seed_44,60,30,100.0,76.66666666666667,0.0,7.777777777777778,2.2222222222222223,2,39.0,29.0,58.0,100.0,33.5,21.75,50.5,448.6333333333333,125,27.862396909131437,6.62382049186418
C1_3_of_10,seed_45,60,30,100.0,90.0,0.0,3.3333333333333335,4.444444444444445,4,45.0,25.5,62.0,100.0,35.5,25.0,51.0,445.4,91,20.431073192635836,4.860799281544679
C1_3_of_10,seed_46,60,30,100.0,70.0,0.0,10.0,5.555555555555555,5,43.0,33.0,60.0,100.0,35.5,22.75,49.0,441.53333333333336,92,20.836478937037594,4.767476974180885
C2_6_of_20,pooled,300,150,100.0,72.66666666666667,0.0,9.11111111111111,0.8888888888888888,4,51.0,39.0,66.0,98.0,26.0,16.0,41.0,2222.6833333333334,109,4.9039824236470935,1.6346608078823643
C2_6_of_20,seed_42,60,30,100.0,70.0,0.0,10.0,1.1111111111111112,1,49.0,37.0,67.0,100.0,28.5,18.75,45.0,447.03333333333336,19,4.250242338378943,1.5136827977033778
C2_6_of_20,seed_43,60,30,100.0,80.0,0.0,6.666666666666667,1.1111111111111112,1,50.0,40.0,65.0,95.0,23.0,10.0,34.5,440.0833333333333,22,4.99905320961939,1.8178375307706873
C2_6_of_20,seed_44,60,30,100.0,66.66666666666666,0.0,11.11111111111111,0.0,0,50.0,40.0,66.0,96.66666666666667,25.0,15.0,39.75,448.6333333333333,33,7.355672784010699,2.1584070138940485
C2_6_of_20,seed_45,60,30,100.0,83.33333333333334,0.0,5.555555555555555,1.1111111111111112,1,54.0,41.0,68.0,100.0,29.0,18.0,41.25,445.4,20,4.4903457566232605,1.5416853764406526
C2_6_of_20,seed_46,60,30,100.0,63.33333333333333,0.0,12.222222222222221,1.1111111111111112,1,49.0,39.0,64.0,98.33333333333333,31.0,17.25,42.25,441.53333333333336,15,3.3972520006039555,1.1361920579797675
