metric,ml,engineering_condition
pr_auc,0.9637487440837236,
roc_auc,0.9614669569462916,
precision_at_threshold,0.9656657798048904,0.9616613868356213
recall_at_threshold,0.8211061556029561,0.7358067782733286
f1_at_threshold,0.8875381354945387,0.8337086743443739
healthy_trigger_rate_pct,2.125306836272949,2.135502035118539
hit_rate_EARLY_DEGRADATION_pct,34.688094921857704,9.979191570372338
hit_rate_DEGRADED_pct,87.6160577115757,72.06599425556075
hit_rate_SEVERE_DEGRADATION_pct,100.0,99.98371571252804
